1;admin;Academy of life;info@academyoflife.com;$2a$07$asxx54ahjppf45sd87a5auFL5K1.Cmt9ZheoVVuudOi5BCi10qWly;1;NULL;NULL;NULL;1;NULL;vistas/img/usuarios/1/434.jpg;academy-of-life;NULL;tutorialesatualcance-buyer@hotmail.com;NULL;NULL;NULL;NULL;NULL
2;usuario;Alexander Parra;alexander@gmail.com;$2a$07$asxx54ahjppf45sd87a5auFL5K1.Cmt9ZheoVVuudOi5BCi10qWly;1;I-G1F5K34TN5TD;1;25/10/2019;1;aaf98bbf03aff90b36e5f1343067d5e5;NULL;alexander-parra-9;academy-of-life;tutorialesatualcance-buyer@hotmail.com;Brazil;BR; 55 (357) 547-4574;"<?xml version=""1.0"" encoding=""UTF-8"" standalone=""no""?><!DOCTYPE svg PUBLIC ""-//W3C//DTD SVG 1.1//EN"" ""http://www.w3.org/Graphics/SVG/1.1/DTD/svg11.dtd""><svg xmlns=""http://www.w3.org/2000/svg"" version=""1.1"" width=""278"" height=""51""><path stroke-linejoin=""round"" stroke-linecap=""round"" stroke-width=""1"" stroke=""#333"" fill=""none"" d=""M 36 50 c 0.12 -0.21 4.21 -8.4 7 -12 c 5.11 -6.6 10.84 -13.53 17 -19 c 5.56 -4.94 12.6 -9.21 19 -13 c 2.38 -1.41 5.27 -2.28 8 -3 c 3.57 -0.94 8.49 -2.36 11 -2 c 1.12 0.16 3.58 3.57 3 4 c -2.25 1.65 -11.88 5.81 -18 7 c -17.27 3.36 -35.67 4.09 -54 7 c -9.64 1.53 -28.4 5.01 -28 6 c 0.45 1.12 20.93 2.88 32 4 c 12.75 1.29 24.34 2.73 37 3 c 35.45 0.75 91.18 -0.5 104 0 c 0.55 0.02 -1 3.23 -2 4 c -2.8 2.16 -7.95 3.89 -11 6 c -0.88 0.61 -2.28 2.53 -2 3 c 0.42 0.7 3.36 1.97 5 2 c 16.19 0.28 37.13 1.95 53 -1 c 10.85 -2.02 22.78 -9.63 33 -15 c 2.6 -1.37 6.12 -5.87 7 -6 c 0.48 -0.07 -0.37 3.52 0 5 c 0.56 2.25 1.62 5.62 3 7 c 1.14 1.14 3.98 1.64 6 2 c 3.53 0.62 10.83 0.91 11 1 l -9 0""/></svg>";25/09/2019
3;usuario;Alejandra Gomez;alejandra@gmail.com;$2a$07$asxx54ahjppf45sd87a5auFL5K1.Cmt9ZheoVVuudOi5BCi10qWly;1;I-X8AS0DB5V8HR;1;25/10/2019;1;2b7fb2498d971766e7304fd6e90ef330;NULL;alejandra-gomez-10;alexander-parra-9;tutorialesatualcance-buyer@hotmail.com;Colombia;CO; 57 (523) 452-3523;"<?xml version=""1.0"" encoding=""UTF-8"" standalone=""no""?><!DOCTYPE svg PUBLIC ""-//W3C//DTD SVG 1.1//EN"" ""http://www.w3.org/Graphics/SVG/1.1/DTD/svg11.dtd""><svg xmlns=""http://www.w3.org/2000/svg"" version=""1.1"" width=""311"" height=""79""><path stroke-linejoin=""round"" stroke-linecap=""round"" stroke-width=""1"" stroke=""#333"" fill=""none"" d=""M 3 72 c 0.52 -0.24 20.14 -9.07 30 -14 c 2.15 -1.07 4.15 -2.46 6 -4 c 6.19 -5.16 14.3 -11.07 18 -16 c 1.23 -1.64 0.83 -6.07 0 -8 c -0.88 -2.05 -3.88 -4.27 -6 -6 c -1.46 -1.19 -3.31 -2.32 -5 -3 c -1.48 -0.59 -3.33 -0.94 -5 -1 c -6.88 -0.26 -14.24 -0.47 -21 0 c -2.65 0.18 -5.5 1.03 -8 2 c -3.39 1.32 -7.94 3.13 -10 5 c -0.94 0.85 -1 3.47 -1 5 c 0 1.24 0.14 3.47 1 4 c 3.35 2.1 9.93 4.7 15 6 c 6.35 1.63 13.27 2.56 20 3 c 8.65 0.56 17.61 0.28 26 0 c 1.33 -0.04 3.52 -1.48 4 -1 c 0.71 0.71 1 4.08 1 6 c 0 2.23 -0.91 4.64 -1 7 c -0.24 6.34 -1.1 15.15 0 19 c 0.37 1.28 4.12 2.11 6 2 c 8.11 -0.49 19.02 -0.97 27 -4 c 14.51 -5.52 28.73 -16.48 44 -23 c 19.26 -8.23 39.2 -13.04 59 -21 c 18.39 -7.39 35.43 -19.24 53 -24 c 16.38 -4.44 49.25 -5.63 54 -5 l -9 11""/></svg>";25/09/2019
4;usuario;Felipe Perez;felipe@hotmail.com;$2a$07$asxx54ahjppf45sd87a5auFL5K1.Cmt9ZheoVVuudOi5BCi10qWly;1;I-41JE6DJ0XW6N;1;25/10/2019;1;8fe863573a42ae1ec12c4d3c1d591c6d;NULL;felipe-perez-11;academy-of-life;tutorialesatualcance-buyer@hotmail.com;Brazil;BR; 55 (452) 345-2352;"<?xml version=""1.0"" encoding=""UTF-8"" standalone=""no""?><!DOCTYPE svg PUBLIC ""-//W3C//DTD SVG 1.1//EN"" ""http://www.w3.org/Graphics/SVG/1.1/DTD/svg11.dtd""><svg xmlns=""http://www.w3.org/2000/svg"" version=""1.1"" width=""199"" height=""54""><path stroke-linejoin=""round"" stroke-linecap=""round"" stroke-width=""1"" stroke=""#333"" fill=""none"" d=""M 34 53 c -0.14 -0.07 -6.27 -2.04 -8 -4 c -4.87 -5.54 -9.63 -13.66 -14 -21 c -4.1 -6.89 -13.06 -18.55 -11 -21 c 2.8 -3.34 22.52 -2.37 32 -4 c 1.06 -0.18 3.08 -2.18 3 -2 c -0.9 1.92 -11.89 23.45 -18 34 c -0.9 1.55 -3.13 2.61 -4 4 c -0.63 1.01 -1.41 3.69 -1 4 c 0.51 0.38 3.42 -0.41 5 -1 c 9.98 -3.71 21.72 -8.12 30 -12 c 0.92 -0.43 1.32 -3.07 2 -3 c 1.68 0.17 5.23 3.25 8 4 c 9.18 2.48 19.1 4.52 29 6 c 10.41 1.56 20.44 2.71 31 3 c 27.13 0.73 78.6 0.04 80 0 c 0.25 -0.01 -9.28 -1.74 -14 -2 c -7.68 -0.41 -15.52 -0.47 -23 0 c -3 0.19 -6.6 0.89 -9 2 c -1.47 0.68 -3.04 2.56 -4 4 c -0.91 1.37 -2.5 4.5 -2 5 c 0.66 0.66 4.79 0.37 7 0 c 3.6 -0.6 7.82 -1.32 11 -3 c 7.65 -4.05 23 -15 23 -15""/></svg>";25/09/2019
5;usuario;Maria Zuluaga;maria@gmail.com;$2a$07$asxx54ahjppf45sd87a5auFL5K1.Cmt9ZheoVVuudOi5BCi10qWly;1;I-TBT8T2DGN0NV;1;25/10/2019;1;c3a724f59d3245b0e166b278f809a9c7;NULL;maria-zuluaga-12;academy-of-life;tutorialesatualcance-buyer@hotmail.com;Mexico;MX; 52 (414) 124-1241;"<?xml version=""1.0"" encoding=""UTF-8"" standalone=""no""?><!DOCTYPE svg PUBLIC ""-//W3C//DTD SVG 1.1//EN"" ""http://www.w3.org/Graphics/SVG/1.1/DTD/svg11.dtd""><svg xmlns=""http://www.w3.org/2000/svg"" version=""1.1"" width=""175"" height=""24""><path stroke-linejoin=""round"" stroke-linecap=""round"" stroke-width=""1"" stroke=""#333"" fill=""none"" d=""M 1 23 c 0.02 -0.07 0.21 -3.39 1 -4 c 1.63 -1.27 5.21 -2.09 8 -3 c 9.92 -3.22 19.15 -6.29 29 -9 c 3.63 -1 7.32 -1.68 11 -2 c 3.94 -0.34 9.18 0.6 12 0 c 0.85 -0.18 2.37 -2.75 2 -3 c -0.83 -0.55 -5.29 -0.95 -8 -1 c -14.12 -0.28 -31.92 -0.69 -42 0 c -0.87 0.06 -2.21 2.38 -2 3 c 0.29 0.86 2.58 2.53 4 3 c 3.16 1.05 7.22 1.51 11 2 c 6.8 0.88 13.17 1.84 20 2 c 36.36 0.86 95.18 0.55 107 1 c 0.4 0.02 -2.38 2.68 -2 3 c 0.87 0.72 5.35 1.76 8 2 l 14 0""/></svg>";25/09/2019
6;usuario;Julia Sanchez;julia@gmail.com;$2a$07$asxx54ahjppf45sd87a5auFL5K1.Cmt9ZheoVVuudOi5BCi10qWly;1;I-C96KL96BVXD3;1;27/10/2019;1;c5b0841a24691bcd1c6a3410ea0ccdbf;NULL;julia-sanchez-13;academy-of-life;tutorialesatualcance-buyer@hotmail.com;Argentina;AR; 54 (235) 235-2352;"<?xml version=""1.0"" encoding=""UTF-8"" standalone=""no""?><!DOCTYPE svg PUBLIC ""-//W3C//DTD SVG 1.1//EN"" ""http://www.w3.org/Graphics/SVG/1.1/DTD/svg11.dtd""><svg xmlns=""http://www.w3.org/2000/svg"" version=""1.1"" width=""199"" height=""78""><path stroke-linejoin=""round"" stroke-linecap=""round"" stroke-width=""1"" stroke=""#333"" fill=""none"" d=""M 16 77 c 0 -0.52 0.62 -20.07 0 -30 c -0.38 -6.04 -1.62 -12.09 -3 -18 c -0.96 -4.1 -2.4 -8.09 -4 -12 c -1.41 -3.46 -4.3 -10.44 -5 -10 c -0.96 0.6 -2.32 10.03 -3 15 c -0.31 2.28 -0.28 4.74 0 7 c 0.37 2.98 0.78 6.56 2 9 c 1.22 2.44 3.91 5.12 6 7 c 1.02 0.91 2.65 1.71 4 2 c 3.04 0.65 7.03 1.67 10 1 c 9.35 -2.1 20.72 -5.48 30 -10 c 15 -7.3 28.71 -17.26 44 -26 c 6.42 -3.67 12.84 -7.58 19 -10 c 2.6 -1.02 8.38 -1.49 9 -1 c 0.44 0.35 -2.32 4.16 -4 5 c -10.26 5.13 -23.55 10.44 -36 15 c -11.71 4.29 -30.74 7.5 -35 11 c -1.61 1.32 3.63 10.4 7 12 c 14.26 6.79 36.56 12.13 56 18 c 13.71 4.14 34.57 9 40 11 c 0.47 0.17 -2.34 2.9 -2 3 c 0.85 0.24 6.39 0.06 9 -1 c 9.01 -3.65 18.86 -8.95 28 -14 l 10 -7""/></svg>";27/09/2019
7;usuario;Alexander Parra;alexander@gmail.com;$2a$07$asxx54ahjppf45sd87a5auFL5K1.Cmt9ZheoVVuudOi5BCi10qWly;1;I-G1F5K34TN5TD;1;25/10/2019;1;aaf98bbf03aff90b36e5f1343067d5e6;NULL;alexander-parra-10;academy-of-life;tutorialesatualcance-buyer@hotmail.com;Brazil;BR; 56 (357) 547-4574;"<?xml version=""1.0"" encoding=""UTF-8"" standalone=""no""?><!DOCTYPE svg PUBLIC ""-//W3C//DTD SVG 1.1//EN"" ""http://www.w3.org/Graphics/SVG/1.1/DTD/svg11.dtd""><svg xmlns=""http://www.w3.org/2000/svg"" version=""1.1"" width=""278"" height=""51""><path stroke-linejoin=""round"" stroke-linecap=""round"" stroke-width=""1"" stroke=""#333"" fill=""none"" d=""M 36 50 c 0.12 -0.21 4.21 -8.4 7 -12 c 5.11 -6.6 10.84 -13.53 17 -19 c 5.56 -4.94 12.6 -9.21 19 -13 c 2.38 -1.41 5.27 -2.28 8 -3 c 3.57 -0.94 8.49 -2.36 11 -2 c 1.12 0.16 3.58 3.57 3 4 c -2.25 1.65 -11.88 5.81 -18 7 c -17.27 3.36 -35.67 4.09 -54 7 c -9.64 1.53 -28.4 5.01 -28 6 c 0.45 1.12 20.93 2.88 32 4 c 12.75 1.29 24.34 2.73 37 3 c 35.45 0.75 91.18 -0.5 104 0 c 0.55 0.02 -1 3.23 -2 4 c -2.8 2.16 -7.95 3.89 -11 6 c -0.88 0.61 -2.28 2.53 -2 3 c 0.42 0.7 3.36 1.97 5 2 c 16.19 0.28 37.13 1.95 53 -1 c 10.85 -2.02 22.78 -9.63 33 -15 c 2.6 -1.37 6.12 -5.87 7 -6 c 0.48 -0.07 -0.37 3.52 0 5 c 0.56 2.25 1.62 5.62 3 7 c 1.14 1.14 3.98 1.64 6 2 c 3.53 0.62 10.83 0.91 11 1 l -9 0""/></svg>";25/09/2019
8;usuario;Alejandra Gomez;alejandra@gmail.com;$2a$07$asxx54ahjppf45sd87a5auFL5K1.Cmt9ZheoVVuudOi5BCi10qWly;1;I-X8AS0DB5V8HR;1;25/10/2019;1;2b7fb2498d971766e7304fd6e90ef331;NULL;alejandra-gomez-11;alexander-parra-10;tutorialesatualcance-buyer@hotmail.com;Colombia;CO; 58 (523) 452-3523;"<?xml version=""1.0"" encoding=""UTF-8"" standalone=""no""?><!DOCTYPE svg PUBLIC ""-//W3C//DTD SVG 1.1//EN"" ""http://www.w3.org/Graphics/SVG/1.1/DTD/svg11.dtd""><svg xmlns=""http://www.w3.org/2000/svg"" version=""1.1"" width=""311"" height=""79""><path stroke-linejoin=""round"" stroke-linecap=""round"" stroke-width=""1"" stroke=""#333"" fill=""none"" d=""M 3 72 c 0.52 -0.24 20.14 -9.07 30 -14 c 2.15 -1.07 4.15 -2.46 6 -4 c 6.19 -5.16 14.3 -11.07 18 -16 c 1.23 -1.64 0.83 -6.07 0 -8 c -0.88 -2.05 -3.88 -4.27 -6 -6 c -1.46 -1.19 -3.31 -2.32 -5 -3 c -1.48 -0.59 -3.33 -0.94 -5 -1 c -6.88 -0.26 -14.24 -0.47 -21 0 c -2.65 0.18 -5.5 1.03 -8 2 c -3.39 1.32 -7.94 3.13 -10 5 c -0.94 0.85 -1 3.47 -1 5 c 0 1.24 0.14 3.47 1 4 c 3.35 2.1 9.93 4.7 15 6 c 6.35 1.63 13.27 2.56 20 3 c 8.65 0.56 17.61 0.28 26 0 c 1.33 -0.04 3.52 -1.48 4 -1 c 0.71 0.71 1 4.08 1 6 c 0 2.23 -0.91 4.64 -1 7 c -0.24 6.34 -1.1 15.15 0 19 c 0.37 1.28 4.12 2.11 6 2 c 8.11 -0.49 19.02 -0.97 27 -4 c 14.51 -5.52 28.73 -16.48 44 -23 c 19.26 -8.23 39.2 -13.04 59 -21 c 18.39 -7.39 35.43 -19.24 53 -24 c 16.38 -4.44 49.25 -5.63 54 -5 l -9 11""/></svg>";25/09/2019
9;usuario;Felipe Perez;felipe@hotmail.com;$2a$07$asxx54ahjppf45sd87a5auFL5K1.Cmt9ZheoVVuudOi5BCi10qWly;1;I-41JE6DJ0XW6N;1;25/10/2019;1;8fe863573a42ae1ec12c4d3c1d591c6d;NULL;felipe-perez-12;academy-of-life;tutorialesatualcance-buyer@hotmail.com;Brazil;BR; 56 (452) 345-2352;"<?xml version=""1.0"" encoding=""UTF-8"" standalone=""no""?><!DOCTYPE svg PUBLIC ""-//W3C//DTD SVG 1.1//EN"" ""http://www.w3.org/Graphics/SVG/1.1/DTD/svg11.dtd""><svg xmlns=""http://www.w3.org/2000/svg"" version=""1.1"" width=""199"" height=""54""><path stroke-linejoin=""round"" stroke-linecap=""round"" stroke-width=""1"" stroke=""#333"" fill=""none"" d=""M 34 53 c -0.14 -0.07 -6.27 -2.04 -8 -4 c -4.87 -5.54 -9.63 -13.66 -14 -21 c -4.1 -6.89 -13.06 -18.55 -11 -21 c 2.8 -3.34 22.52 -2.37 32 -4 c 1.06 -0.18 3.08 -2.18 3 -2 c -0.9 1.92 -11.89 23.45 -18 34 c -0.9 1.55 -3.13 2.61 -4 4 c -0.63 1.01 -1.41 3.69 -1 4 c 0.51 0.38 3.42 -0.41 5 -1 c 9.98 -3.71 21.72 -8.12 30 -12 c 0.92 -0.43 1.32 -3.07 2 -3 c 1.68 0.17 5.23 3.25 8 4 c 9.18 2.48 19.1 4.52 29 6 c 10.41 1.56 20.44 2.71 31 3 c 27.13 0.73 78.6 0.04 80 0 c 0.25 -0.01 -9.28 -1.74 -14 -2 c -7.68 -0.41 -15.52 -0.47 -23 0 c -3 0.19 -6.6 0.89 -9 2 c -1.47 0.68 -3.04 2.56 -4 4 c -0.91 1.37 -2.5 4.5 -2 5 c 0.66 0.66 4.79 0.37 7 0 c 3.6 -0.6 7.82 -1.32 11 -3 c 7.65 -4.05 23 -15 23 -15""/></svg>";25/09/2019
10;usuario;Maria Zuluaga;maria@gmail.com;$2a$07$asxx54ahjppf45sd87a5auFL5K1.Cmt9ZheoVVuudOi5BCi10qWly;1;I-TBT8T2DGN0NV;1;25/10/2019;1;c3a724f59d3245b0e166b278f809a9c8;NULL;maria-zuluaga-13;academy-of-life;tutorialesatualcance-buyer@hotmail.com;Mexico;MX; 53 (414) 124-1241;"<?xml version=""1.0"" encoding=""UTF-8"" standalone=""no""?><!DOCTYPE svg PUBLIC ""-//W3C//DTD SVG 1.1//EN"" ""http://www.w3.org/Graphics/SVG/1.1/DTD/svg11.dtd""><svg xmlns=""http://www.w3.org/2000/svg"" version=""1.1"" width=""175"" height=""24""><path stroke-linejoin=""round"" stroke-linecap=""round"" stroke-width=""1"" stroke=""#333"" fill=""none"" d=""M 1 23 c 0.02 -0.07 0.21 -3.39 1 -4 c 1.63 -1.27 5.21 -2.09 8 -3 c 9.92 -3.22 19.15 -6.29 29 -9 c 3.63 -1 7.32 -1.68 11 -2 c 3.94 -0.34 9.18 0.6 12 0 c 0.85 -0.18 2.37 -2.75 2 -3 c -0.83 -0.55 -5.29 -0.95 -8 -1 c -14.12 -0.28 -31.92 -0.69 -42 0 c -0.87 0.06 -2.21 2.38 -2 3 c 0.29 0.86 2.58 2.53 4 3 c 3.16 1.05 7.22 1.51 11 2 c 6.8 0.88 13.17 1.84 20 2 c 36.36 0.86 95.18 0.55 107 1 c 0.4 0.02 -2.38 2.68 -2 3 c 0.87 0.72 5.35 1.76 8 2 l 14 0""/></svg>";25/09/2019
11;usuario;Julia Sanchez;julia@gmail.com;$2a$07$asxx54ahjppf45sd87a5auFL5K1.Cmt9ZheoVVuudOi5BCi10qWly;1;I-C96KL96BVXD4;1;27/10/2019;1;c5b0841a24691bcd1c6a3410ea0ccdbf;NULL;julia-sanchez-14;academy-of-life;tutorialesatualcance-buyer@hotmail.com;Argentina;AR; 55 (235) 235-2352;"<?xml version=""1.0"" encoding=""UTF-8"" standalone=""no""?><!DOCTYPE svg PUBLIC ""-//W3C//DTD SVG 1.1//EN"" ""http://www.w3.org/Graphics/SVG/1.1/DTD/svg11.dtd""><svg xmlns=""http://www.w3.org/2000/svg"" version=""1.1"" width=""199"" height=""78""><path stroke-linejoin=""round"" stroke-linecap=""round"" stroke-width=""1"" stroke=""#333"" fill=""none"" d=""M 16 77 c 0 -0.52 0.62 -20.07 0 -30 c -0.38 -6.04 -1.62 -12.09 -3 -18 c -0.96 -4.1 -2.4 -8.09 -4 -12 c -1.41 -3.46 -4.3 -10.44 -5 -10 c -0.96 0.6 -2.32 10.03 -3 15 c -0.31 2.28 -0.28 4.74 0 7 c 0.37 2.98 0.78 6.56 2 9 c 1.22 2.44 3.91 5.12 6 7 c 1.02 0.91 2.65 1.71 4 2 c 3.04 0.65 7.03 1.67 10 1 c 9.35 -2.1 20.72 -5.48 30 -10 c 15 -7.3 28.71 -17.26 44 -26 c 6.42 -3.67 12.84 -7.58 19 -10 c 2.6 -1.02 8.38 -1.49 9 -1 c 0.44 0.35 -2.32 4.16 -4 5 c -10.26 5.13 -23.55 10.44 -36 15 c -11.71 4.29 -30.74 7.5 -35 11 c -1.61 1.32 3.63 10.4 7 12 c 14.26 6.79 36.56 12.13 56 18 c 13.71 4.14 34.57 9 40 11 c 0.47 0.17 -2.34 2.9 -2 3 c 0.85 0.24 6.39 0.06 9 -1 c 9.01 -3.65 18.86 -8.95 28 -14 l 10 -7""/></svg>";27/09/2019
12;usuario;Alexander Parra;alexander@gmail.com;$2a$07$asxx54ahjppf45sd87a5auFL5K1.Cmt9ZheoVVuudOi5BCi10qWly;1;I-G1F5K34TN5TD;1;25/10/2019;1;aaf98bbf03aff90b36e5f1343067d5e7;NULL;alexander-parra-11;academy-of-life;tutorialesatualcance-buyer@hotmail.com;Brazil;BR; 57 (357) 547-4574;"<?xml version=""1.0"" encoding=""UTF-8"" standalone=""no""?><!DOCTYPE svg PUBLIC ""-//W3C//DTD SVG 1.1//EN"" ""http://www.w3.org/Graphics/SVG/1.1/DTD/svg11.dtd""><svg xmlns=""http://www.w3.org/2000/svg"" version=""1.1"" width=""278"" height=""51""><path stroke-linejoin=""round"" stroke-linecap=""round"" stroke-width=""1"" stroke=""#333"" fill=""none"" d=""M 36 50 c 0.12 -0.21 4.21 -8.4 7 -12 c 5.11 -6.6 10.84 -13.53 17 -19 c 5.56 -4.94 12.6 -9.21 19 -13 c 2.38 -1.41 5.27 -2.28 8 -3 c 3.57 -0.94 8.49 -2.36 11 -2 c 1.12 0.16 3.58 3.57 3 4 c -2.25 1.65 -11.88 5.81 -18 7 c -17.27 3.36 -35.67 4.09 -54 7 c -9.64 1.53 -28.4 5.01 -28 6 c 0.45 1.12 20.93 2.88 32 4 c 12.75 1.29 24.34 2.73 37 3 c 35.45 0.75 91.18 -0.5 104 0 c 0.55 0.02 -1 3.23 -2 4 c -2.8 2.16 -7.95 3.89 -11 6 c -0.88 0.61 -2.28 2.53 -2 3 c 0.42 0.7 3.36 1.97 5 2 c 16.19 0.28 37.13 1.95 53 -1 c 10.85 -2.02 22.78 -9.63 33 -15 c 2.6 -1.37 6.12 -5.87 7 -6 c 0.48 -0.07 -0.37 3.52 0 5 c 0.56 2.25 1.62 5.62 3 7 c 1.14 1.14 3.98 1.64 6 2 c 3.53 0.62 10.83 0.91 11 1 l -9 0""/></svg>";25/09/2019
13;usuario;Alejandra Gomez;alejandra@gmail.com;$2a$07$asxx54ahjppf45sd87a5auFL5K1.Cmt9ZheoVVuudOi5BCi10qWly;1;I-X8AS0DB5V8HR;1;25/10/2019;1;2b7fb2498d971766e7304fd6e90ef332;NULL;alejandra-gomez-12;alexander-parra-11;tutorialesatualcance-buyer@hotmail.com;Colombia;CO; 59 (523) 452-3523;"<?xml version=""1.0"" encoding=""UTF-8"" standalone=""no""?><!DOCTYPE svg PUBLIC ""-//W3C//DTD SVG 1.1//EN"" ""http://www.w3.org/Graphics/SVG/1.1/DTD/svg11.dtd""><svg xmlns=""http://www.w3.org/2000/svg"" version=""1.1"" width=""311"" height=""79""><path stroke-linejoin=""round"" stroke-linecap=""round"" stroke-width=""1"" stroke=""#333"" fill=""none"" d=""M 3 72 c 0.52 -0.24 20.14 -9.07 30 -14 c 2.15 -1.07 4.15 -2.46 6 -4 c 6.19 -5.16 14.3 -11.07 18 -16 c 1.23 -1.64 0.83 -6.07 0 -8 c -0.88 -2.05 -3.88 -4.27 -6 -6 c -1.46 -1.19 -3.31 -2.32 -5 -3 c -1.48 -0.59 -3.33 -0.94 -5 -1 c -6.88 -0.26 -14.24 -0.47 -21 0 c -2.65 0.18 -5.5 1.03 -8 2 c -3.39 1.32 -7.94 3.13 -10 5 c -0.94 0.85 -1 3.47 -1 5 c 0 1.24 0.14 3.47 1 4 c 3.35 2.1 9.93 4.7 15 6 c 6.35 1.63 13.27 2.56 20 3 c 8.65 0.56 17.61 0.28 26 0 c 1.33 -0.04 3.52 -1.48 4 -1 c 0.71 0.71 1 4.08 1 6 c 0 2.23 -0.91 4.64 -1 7 c -0.24 6.34 -1.1 15.15 0 19 c 0.37 1.28 4.12 2.11 6 2 c 8.11 -0.49 19.02 -0.97 27 -4 c 14.51 -5.52 28.73 -16.48 44 -23 c 19.26 -8.23 39.2 -13.04 59 -21 c 18.39 -7.39 35.43 -19.24 53 -24 c 16.38 -4.44 49.25 -5.63 54 -5 l -9 11""/></svg>";25/09/2019
14;usuario;Felipe Perez;felipe@hotmail.com;$2a$07$asxx54ahjppf45sd87a5auFL5K1.Cmt9ZheoVVuudOi5BCi10qWly;1;I-41JE6DJ0XW6N;1;25/10/2019;1;8fe863573a42ae1ec12c4d3c1d591c6d;NULL;felipe-perez-13;academy-of-life;tutorialesatualcance-buyer@hotmail.com;Brazil;BR; 57 (452) 345-2352;"<?xml version=""1.0"" encoding=""UTF-8"" standalone=""no""?><!DOCTYPE svg PUBLIC ""-//W3C//DTD SVG 1.1//EN"" ""http://www.w3.org/Graphics/SVG/1.1/DTD/svg11.dtd""><svg xmlns=""http://www.w3.org/2000/svg"" version=""1.1"" width=""199"" height=""54""><path stroke-linejoin=""round"" stroke-linecap=""round"" stroke-width=""1"" stroke=""#333"" fill=""none"" d=""M 34 53 c -0.14 -0.07 -6.27 -2.04 -8 -4 c -4.87 -5.54 -9.63 -13.66 -14 -21 c -4.1 -6.89 -13.06 -18.55 -11 -21 c 2.8 -3.34 22.52 -2.37 32 -4 c 1.06 -0.18 3.08 -2.18 3 -2 c -0.9 1.92 -11.89 23.45 -18 34 c -0.9 1.55 -3.13 2.61 -4 4 c -0.63 1.01 -1.41 3.69 -1 4 c 0.51 0.38 3.42 -0.41 5 -1 c 9.98 -3.71 21.72 -8.12 30 -12 c 0.92 -0.43 1.32 -3.07 2 -3 c 1.68 0.17 5.23 3.25 8 4 c 9.18 2.48 19.1 4.52 29 6 c 10.41 1.56 20.44 2.71 31 3 c 27.13 0.73 78.6 0.04 80 0 c 0.25 -0.01 -9.28 -1.74 -14 -2 c -7.68 -0.41 -15.52 -0.47 -23 0 c -3 0.19 -6.6 0.89 -9 2 c -1.47 0.68 -3.04 2.56 -4 4 c -0.91 1.37 -2.5 4.5 -2 5 c 0.66 0.66 4.79 0.37 7 0 c 3.6 -0.6 7.82 -1.32 11 -3 c 7.65 -4.05 23 -15 23 -15""/></svg>";25/09/2019
15;usuario;Maria Zuluaga;maria@gmail.com;$2a$07$asxx54ahjppf45sd87a5auFL5K1.Cmt9ZheoVVuudOi5BCi10qWly;1;I-TBT8T2DGN0NV;1;25/10/2019;1;c3a724f59d3245b0e166b278f809a9c9;NULL;maria-zuluaga-14;academy-of-life;tutorialesatualcance-buyer@hotmail.com;Mexico;MX; 54 (414) 124-1241;"<?xml version=""1.0"" encoding=""UTF-8"" standalone=""no""?><!DOCTYPE svg PUBLIC ""-//W3C//DTD SVG 1.1//EN"" ""http://www.w3.org/Graphics/SVG/1.1/DTD/svg11.dtd""><svg xmlns=""http://www.w3.org/2000/svg"" version=""1.1"" width=""175"" height=""24""><path stroke-linejoin=""round"" stroke-linecap=""round"" stroke-width=""1"" stroke=""#333"" fill=""none"" d=""M 1 23 c 0.02 -0.07 0.21 -3.39 1 -4 c 1.63 -1.27 5.21 -2.09 8 -3 c 9.92 -3.22 19.15 -6.29 29 -9 c 3.63 -1 7.32 -1.68 11 -2 c 3.94 -0.34 9.18 0.6 12 0 c 0.85 -0.18 2.37 -2.75 2 -3 c -0.83 -0.55 -5.29 -0.95 -8 -1 c -14.12 -0.28 -31.92 -0.69 -42 0 c -0.87 0.06 -2.21 2.38 -2 3 c 0.29 0.86 2.58 2.53 4 3 c 3.16 1.05 7.22 1.51 11 2 c 6.8 0.88 13.17 1.84 20 2 c 36.36 0.86 95.18 0.55 107 1 c 0.4 0.02 -2.38 2.68 -2 3 c 0.87 0.72 5.35 1.76 8 2 l 14 0""/></svg>";25/09/2019
16;usuario;Julia Sanchez;julia@gmail.com;$2a$07$asxx54ahjppf45sd87a5auFL5K1.Cmt9ZheoVVuudOi5BCi10qWly;1;I-C96KL96BVXD5;1;27/10/2019;1;c5b0841a24691bcd1c6a3410ea0ccdbf;NULL;julia-sanchez-15;academy-of-life;tutorialesatualcance-buyer@hotmail.com;Argentina;AR; 56 (235) 235-2352;"<?xml version=""1.0"" encoding=""UTF-8"" standalone=""no""?><!DOCTYPE svg PUBLIC ""-//W3C//DTD SVG 1.1//EN"" ""http://www.w3.org/Graphics/SVG/1.1/DTD/svg11.dtd""><svg xmlns=""http://www.w3.org/2000/svg"" version=""1.1"" width=""199"" height=""78""><path stroke-linejoin=""round"" stroke-linecap=""round"" stroke-width=""1"" stroke=""#333"" fill=""none"" d=""M 16 77 c 0 -0.52 0.62 -20.07 0 -30 c -0.38 -6.04 -1.62 -12.09 -3 -18 c -0.96 -4.1 -2.4 -8.09 -4 -12 c -1.41 -3.46 -4.3 -10.44 -5 -10 c -0.96 0.6 -2.32 10.03 -3 15 c -0.31 2.28 -0.28 4.74 0 7 c 0.37 2.98 0.78 6.56 2 9 c 1.22 2.44 3.91 5.12 6 7 c 1.02 0.91 2.65 1.71 4 2 c 3.04 0.65 7.03 1.67 10 1 c 9.35 -2.1 20.72 -5.48 30 -10 c 15 -7.3 28.71 -17.26 44 -26 c 6.42 -3.67 12.84 -7.58 19 -10 c 2.6 -1.02 8.38 -1.49 9 -1 c 0.44 0.35 -2.32 4.16 -4 5 c -10.26 5.13 -23.55 10.44 -36 15 c -11.71 4.29 -30.74 7.5 -35 11 c -1.61 1.32 3.63 10.4 7 12 c 14.26 6.79 36.56 12.13 56 18 c 13.71 4.14 34.57 9 40 11 c 0.47 0.17 -2.34 2.9 -2 3 c 0.85 0.24 6.39 0.06 9 -1 c 9.01 -3.65 18.86 -8.95 28 -14 l 10 -7""/></svg>";27/09/2019
17;usuario;Alexander Parra;alexander@gmail.com;$2a$07$asxx54ahjppf45sd87a5auFL5K1.Cmt9ZheoVVuudOi5BCi10qWly;1;I-G1F5K34TN5TD;1;25/10/2019;1;aaf98bbf03aff90b36e5f1343067d5e8;NULL;alexander-parra-12;academy-of-life;tutorialesatualcance-buyer@hotmail.com;Brazil;BR; 58 (357) 547-4574;"<?xml version=""1.0"" encoding=""UTF-8"" standalone=""no""?><!DOCTYPE svg PUBLIC ""-//W3C//DTD SVG 1.1//EN"" ""http://www.w3.org/Graphics/SVG/1.1/DTD/svg11.dtd""><svg xmlns=""http://www.w3.org/2000/svg"" version=""1.1"" width=""278"" height=""51""><path stroke-linejoin=""round"" stroke-linecap=""round"" stroke-width=""1"" stroke=""#333"" fill=""none"" d=""M 36 50 c 0.12 -0.21 4.21 -8.4 7 -12 c 5.11 -6.6 10.84 -13.53 17 -19 c 5.56 -4.94 12.6 -9.21 19 -13 c 2.38 -1.41 5.27 -2.28 8 -3 c 3.57 -0.94 8.49 -2.36 11 -2 c 1.12 0.16 3.58 3.57 3 4 c -2.25 1.65 -11.88 5.81 -18 7 c -17.27 3.36 -35.67 4.09 -54 7 c -9.64 1.53 -28.4 5.01 -28 6 c 0.45 1.12 20.93 2.88 32 4 c 12.75 1.29 24.34 2.73 37 3 c 35.45 0.75 91.18 -0.5 104 0 c 0.55 0.02 -1 3.23 -2 4 c -2.8 2.16 -7.95 3.89 -11 6 c -0.88 0.61 -2.28 2.53 -2 3 c 0.42 0.7 3.36 1.97 5 2 c 16.19 0.28 37.13 1.95 53 -1 c 10.85 -2.02 22.78 -9.63 33 -15 c 2.6 -1.37 6.12 -5.87 7 -6 c 0.48 -0.07 -0.37 3.52 0 5 c 0.56 2.25 1.62 5.62 3 7 c 1.14 1.14 3.98 1.64 6 2 c 3.53 0.62 10.83 0.91 11 1 l -9 0""/></svg>";25/09/2019
18;usuario;Alejandra Gomez;alejandra@gmail.com;$2a$07$asxx54ahjppf45sd87a5auFL5K1.Cmt9ZheoVVuudOi5BCi10qWly;1;I-X8AS0DB5V8HR;1;25/10/2019;1;2b7fb2498d971766e7304fd6e90ef333;NULL;alejandra-gomez-13;alexander-parra-12;tutorialesatualcance-buyer@hotmail.com;Colombia;CO; 60 (523) 452-3523;"<?xml version=""1.0"" encoding=""UTF-8"" standalone=""no""?><!DOCTYPE svg PUBLIC ""-//W3C//DTD SVG 1.1//EN"" ""http://www.w3.org/Graphics/SVG/1.1/DTD/svg11.dtd""><svg xmlns=""http://www.w3.org/2000/svg"" version=""1.1"" width=""311"" height=""79""><path stroke-linejoin=""round"" stroke-linecap=""round"" stroke-width=""1"" stroke=""#333"" fill=""none"" d=""M 3 72 c 0.52 -0.24 20.14 -9.07 30 -14 c 2.15 -1.07 4.15 -2.46 6 -4 c 6.19 -5.16 14.3 -11.07 18 -16 c 1.23 -1.64 0.83 -6.07 0 -8 c -0.88 -2.05 -3.88 -4.27 -6 -6 c -1.46 -1.19 -3.31 -2.32 -5 -3 c -1.48 -0.59 -3.33 -0.94 -5 -1 c -6.88 -0.26 -14.24 -0.47 -21 0 c -2.65 0.18 -5.5 1.03 -8 2 c -3.39 1.32 -7.94 3.13 -10 5 c -0.94 0.85 -1 3.47 -1 5 c 0 1.24 0.14 3.47 1 4 c 3.35 2.1 9.93 4.7 15 6 c 6.35 1.63 13.27 2.56 20 3 c 8.65 0.56 17.61 0.28 26 0 c 1.33 -0.04 3.52 -1.48 4 -1 c 0.71 0.71 1 4.08 1 6 c 0 2.23 -0.91 4.64 -1 7 c -0.24 6.34 -1.1 15.15 0 19 c 0.37 1.28 4.12 2.11 6 2 c 8.11 -0.49 19.02 -0.97 27 -4 c 14.51 -5.52 28.73 -16.48 44 -23 c 19.26 -8.23 39.2 -13.04 59 -21 c 18.39 -7.39 35.43 -19.24 53 -24 c 16.38 -4.44 49.25 -5.63 54 -5 l -9 11""/></svg>";25/09/2019
19;usuario;Felipe Perez;felipe@hotmail.com;$2a$07$asxx54ahjppf45sd87a5auFL5K1.Cmt9ZheoVVuudOi5BCi10qWly;1;I-41JE6DJ0XW6N;1;25/10/2019;1;8fe863573a42ae1ec12c4d3c1d591c6d;NULL;felipe-perez-14;academy-of-life;tutorialesatualcance-buyer@hotmail.com;Brazil;BR; 58 (452) 345-2352;"<?xml version=""1.0"" encoding=""UTF-8"" standalone=""no""?><!DOCTYPE svg PUBLIC ""-//W3C//DTD SVG 1.1//EN"" ""http://www.w3.org/Graphics/SVG/1.1/DTD/svg11.dtd""><svg xmlns=""http://www.w3.org/2000/svg"" version=""1.1"" width=""199"" height=""54""><path stroke-linejoin=""round"" stroke-linecap=""round"" stroke-width=""1"" stroke=""#333"" fill=""none"" d=""M 34 53 c -0.14 -0.07 -6.27 -2.04 -8 -4 c -4.87 -5.54 -9.63 -13.66 -14 -21 c -4.1 -6.89 -13.06 -18.55 -11 -21 c 2.8 -3.34 22.52 -2.37 32 -4 c 1.06 -0.18 3.08 -2.18 3 -2 c -0.9 1.92 -11.89 23.45 -18 34 c -0.9 1.55 -3.13 2.61 -4 4 c -0.63 1.01 -1.41 3.69 -1 4 c 0.51 0.38 3.42 -0.41 5 -1 c 9.98 -3.71 21.72 -8.12 30 -12 c 0.92 -0.43 1.32 -3.07 2 -3 c 1.68 0.17 5.23 3.25 8 4 c 9.18 2.48 19.1 4.52 29 6 c 10.41 1.56 20.44 2.71 31 3 c 27.13 0.73 78.6 0.04 80 0 c 0.25 -0.01 -9.28 -1.74 -14 -2 c -7.68 -0.41 -15.52 -0.47 -23 0 c -3 0.19 -6.6 0.89 -9 2 c -1.47 0.68 -3.04 2.56 -4 4 c -0.91 1.37 -2.5 4.5 -2 5 c 0.66 0.66 4.79 0.37 7 0 c 3.6 -0.6 7.82 -1.32 11 -3 c 7.65 -4.05 23 -15 23 -15""/></svg>";25/09/2019
20;usuario;Maria Zuluaga;maria@gmail.com;$2a$07$asxx54ahjppf45sd87a5auFL5K1.Cmt9ZheoVVuudOi5BCi10qWly;1;I-TBT8T2DGN0NV;1;25/10/2019;1;c3a724f59d3245b0e166b278f809a9c10;NULL;maria-zuluaga-15;academy-of-life;tutorialesatualcance-buyer@hotmail.com;Mexico;MX; 55 (414) 124-1241;"<?xml version=""1.0"" encoding=""UTF-8"" standalone=""no""?><!DOCTYPE svg PUBLIC ""-//W3C//DTD SVG 1.1//EN"" ""http://www.w3.org/Graphics/SVG/1.1/DTD/svg11.dtd""><svg xmlns=""http://www.w3.org/2000/svg"" version=""1.1"" width=""175"" height=""24""><path stroke-linejoin=""round"" stroke-linecap=""round"" stroke-width=""1"" stroke=""#333"" fill=""none"" d=""M 1 23 c 0.02 -0.07 0.21 -3.39 1 -4 c 1.63 -1.27 5.21 -2.09 8 -3 c 9.92 -3.22 19.15 -6.29 29 -9 c 3.63 -1 7.32 -1.68 11 -2 c 3.94 -0.34 9.18 0.6 12 0 c 0.85 -0.18 2.37 -2.75 2 -3 c -0.83 -0.55 -5.29 -0.95 -8 -1 c -14.12 -0.28 -31.92 -0.69 -42 0 c -0.87 0.06 -2.21 2.38 -2 3 c 0.29 0.86 2.58 2.53 4 3 c 3.16 1.05 7.22 1.51 11 2 c 6.8 0.88 13.17 1.84 20 2 c 36.36 0.86 95.18 0.55 107 1 c 0.4 0.02 -2.38 2.68 -2 3 c 0.87 0.72 5.35 1.76 8 2 l 14 0""/></svg>";25/09/2019
21;usuario;Julia Sanchez;julia@gmail.com;$2a$07$asxx54ahjppf45sd87a5auFL5K1.Cmt9ZheoVVuudOi5BCi10qWly;1;I-C96KL96BVXD6;1;27/10/2019;1;c5b0841a24691bcd1c6a3410ea0ccdbf;NULL;julia-sanchez-16;academy-of-life;tutorialesatualcance-buyer@hotmail.com;Argentina;AR; 57 (235) 235-2352;"<?xml version=""1.0"" encoding=""UTF-8"" standalone=""no""?><!DOCTYPE svg PUBLIC ""-//W3C//DTD SVG 1.1//EN"" ""http://www.w3.org/Graphics/SVG/1.1/DTD/svg11.dtd""><svg xmlns=""http://www.w3.org/2000/svg"" version=""1.1"" width=""199"" height=""78""><path stroke-linejoin=""round"" stroke-linecap=""round"" stroke-width=""1"" stroke=""#333"" fill=""none"" d=""M 16 77 c 0 -0.52 0.62 -20.07 0 -30 c -0.38 -6.04 -1.62 -12.09 -3 -18 c -0.96 -4.1 -2.4 -8.09 -4 -12 c -1.41 -3.46 -4.3 -10.44 -5 -10 c -0.96 0.6 -2.32 10.03 -3 15 c -0.31 2.28 -0.28 4.74 0 7 c 0.37 2.98 0.78 6.56 2 9 c 1.22 2.44 3.91 5.12 6 7 c 1.02 0.91 2.65 1.71 4 2 c 3.04 0.65 7.03 1.67 10 1 c 9.35 -2.1 20.72 -5.48 30 -10 c 15 -7.3 28.71 -17.26 44 -26 c 6.42 -3.67 12.84 -7.58 19 -10 c 2.6 -1.02 8.38 -1.49 9 -1 c 0.44 0.35 -2.32 4.16 -4 5 c -10.26 5.13 -23.55 10.44 -36 15 c -11.71 4.29 -30.74 7.5 -35 11 c -1.61 1.32 3.63 10.4 7 12 c 14.26 6.79 36.56 12.13 56 18 c 13.71 4.14 34.57 9 40 11 c 0.47 0.17 -2.34 2.9 -2 3 c 0.85 0.24 6.39 0.06 9 -1 c 9.01 -3.65 18.86 -8.95 28 -14 l 10 -7""/></svg>";27/09/2019
22;usuario;Alexander Parra;alexander@gmail.com;$2a$07$asxx54ahjppf45sd87a5auFL5K1.Cmt9ZheoVVuudOi5BCi10qWly;1;I-G1F5K34TN5TD;1;25/10/2019;1;aaf98bbf03aff90b36e5f1343067d5e9;NULL;alexander-parra-13;academy-of-life;tutorialesatualcance-buyer@hotmail.com;Brazil;BR; 59 (357) 547-4574;"<?xml version=""1.0"" encoding=""UTF-8"" standalone=""no""?><!DOCTYPE svg PUBLIC ""-//W3C//DTD SVG 1.1//EN"" ""http://www.w3.org/Graphics/SVG/1.1/DTD/svg11.dtd""><svg xmlns=""http://www.w3.org/2000/svg"" version=""1.1"" width=""278"" height=""51""><path stroke-linejoin=""round"" stroke-linecap=""round"" stroke-width=""1"" stroke=""#333"" fill=""none"" d=""M 36 50 c 0.12 -0.21 4.21 -8.4 7 -12 c 5.11 -6.6 10.84 -13.53 17 -19 c 5.56 -4.94 12.6 -9.21 19 -13 c 2.38 -1.41 5.27 -2.28 8 -3 c 3.57 -0.94 8.49 -2.36 11 -2 c 1.12 0.16 3.58 3.57 3 4 c -2.25 1.65 -11.88 5.81 -18 7 c -17.27 3.36 -35.67 4.09 -54 7 c -9.64 1.53 -28.4 5.01 -28 6 c 0.45 1.12 20.93 2.88 32 4 c 12.75 1.29 24.34 2.73 37 3 c 35.45 0.75 91.18 -0.5 104 0 c 0.55 0.02 -1 3.23 -2 4 c -2.8 2.16 -7.95 3.89 -11 6 c -0.88 0.61 -2.28 2.53 -2 3 c 0.42 0.7 3.36 1.97 5 2 c 16.19 0.28 37.13 1.95 53 -1 c 10.85 -2.02 22.78 -9.63 33 -15 c 2.6 -1.37 6.12 -5.87 7 -6 c 0.48 -0.07 -0.37 3.52 0 5 c 0.56 2.25 1.62 5.62 3 7 c 1.14 1.14 3.98 1.64 6 2 c 3.53 0.62 10.83 0.91 11 1 l -9 0""/></svg>";25/09/2019
23;usuario;Alexander Parra;alexander@gmail.com;$2a$07$asxx54ahjppf45sd87a5auFL5K1.Cmt9ZheoVVuudOi5BCi10qWly;1;I-G1F5K34TN5TD;1;25/10/2019;1;aaf98bbf03aff90b36e5f1343067d5e6;NULL;alexander-parra-10;academy-of-life;tutorialesatualcance-buyer@hotmail.com;Brazil;BR; 56 (357) 547-4574;"<?xml version=""1.0"" encoding=""UTF-8"" standalone=""no""?><!DOCTYPE svg PUBLIC ""-//W3C//DTD SVG 1.1//EN"" ""http://www.w3.org/Graphics/SVG/1.1/DTD/svg11.dtd""><svg xmlns=""http://www.w3.org/2000/svg"" version=""1.1"" width=""278"" height=""51""><path stroke-linejoin=""round"" stroke-linecap=""round"" stroke-width=""1"" stroke=""#333"" fill=""none"" d=""M 36 50 c 0.12 -0.21 4.21 -8.4 7 -12 c 5.11 -6.6 10.84 -13.53 17 -19 c 5.56 -4.94 12.6 -9.21 19 -13 c 2.38 -1.41 5.27 -2.28 8 -3 c 3.57 -0.94 8.49 -2.36 11 -2 c 1.12 0.16 3.58 3.57 3 4 c -2.25 1.65 -11.88 5.81 -18 7 c -17.27 3.36 -35.67 4.09 -54 7 c -9.64 1.53 -28.4 5.01 -28 6 c 0.45 1.12 20.93 2.88 32 4 c 12.75 1.29 24.34 2.73 37 3 c 35.45 0.75 91.18 -0.5 104 0 c 0.55 0.02 -1 3.23 -2 4 c -2.8 2.16 -7.95 3.89 -11 6 c -0.88 0.61 -2.28 2.53 -2 3 c 0.42 0.7 3.36 1.97 5 2 c 16.19 0.28 37.13 1.95 53 -1 c 10.85 -2.02 22.78 -9.63 33 -15 c 2.6 -1.37 6.12 -5.87 7 -6 c 0.48 -0.07 -0.37 3.52 0 5 c 0.56 2.25 1.62 5.62 3 7 c 1.14 1.14 3.98 1.64 6 2 c 3.53 0.62 10.83 0.91 11 1 l -9 0""/></svg>";25/09/2019
24;usuario;Alejandra Gomez;alejandra@gmail.com;$2a$07$asxx54ahjppf45sd87a5auFL5K1.Cmt9ZheoVVuudOi5BCi10qWly;1;I-X8AS0DB5V8HR;1;25/10/2019;1;2b7fb2498d971766e7304fd6e90ef331;NULL;alejandra-gomez-11;alexander-parra-10;tutorialesatualcance-buyer@hotmail.com;Colombia;CO; 58 (523) 452-3523;"<?xml version=""1.0"" encoding=""UTF-8"" standalone=""no""?><!DOCTYPE svg PUBLIC ""-//W3C//DTD SVG 1.1//EN"" ""http://www.w3.org/Graphics/SVG/1.1/DTD/svg11.dtd""><svg xmlns=""http://www.w3.org/2000/svg"" version=""1.1"" width=""311"" height=""79""><path stroke-linejoin=""round"" stroke-linecap=""round"" stroke-width=""1"" stroke=""#333"" fill=""none"" d=""M 3 72 c 0.52 -0.24 20.14 -9.07 30 -14 c 2.15 -1.07 4.15 -2.46 6 -4 c 6.19 -5.16 14.3 -11.07 18 -16 c 1.23 -1.64 0.83 -6.07 0 -8 c -0.88 -2.05 -3.88 -4.27 -6 -6 c -1.46 -1.19 -3.31 -2.32 -5 -3 c -1.48 -0.59 -3.33 -0.94 -5 -1 c -6.88 -0.26 -14.24 -0.47 -21 0 c -2.65 0.18 -5.5 1.03 -8 2 c -3.39 1.32 -7.94 3.13 -10 5 c -0.94 0.85 -1 3.47 -1 5 c 0 1.24 0.14 3.47 1 4 c 3.35 2.1 9.93 4.7 15 6 c 6.35 1.63 13.27 2.56 20 3 c 8.65 0.56 17.61 0.28 26 0 c 1.33 -0.04 3.52 -1.48 4 -1 c 0.71 0.71 1 4.08 1 6 c 0 2.23 -0.91 4.64 -1 7 c -0.24 6.34 -1.1 15.15 0 19 c 0.37 1.28 4.12 2.11 6 2 c 8.11 -0.49 19.02 -0.97 27 -4 c 14.51 -5.52 28.73 -16.48 44 -23 c 19.26 -8.23 39.2 -13.04 59 -21 c 18.39 -7.39 35.43 -19.24 53 -24 c 16.38 -4.44 49.25 -5.63 54 -5 l -9 11""/></svg>";25/09/2019
25;usuario;Felipe Perez;felipe@hotmail.com;$2a$07$asxx54ahjppf45sd87a5auFL5K1.Cmt9ZheoVVuudOi5BCi10qWly;1;I-41JE6DJ0XW6N;1;25/10/2019;1;8fe863573a42ae1ec12c4d3c1d591c6d;NULL;felipe-perez-12;academy-of-life;tutorialesatualcance-buyer@hotmail.com;Brazil;BR; 56 (452) 345-2352;"<?xml version=""1.0"" encoding=""UTF-8"" standalone=""no""?><!DOCTYPE svg PUBLIC ""-//W3C//DTD SVG 1.1//EN"" ""http://www.w3.org/Graphics/SVG/1.1/DTD/svg11.dtd""><svg xmlns=""http://www.w3.org/2000/svg"" version=""1.1"" width=""199"" height=""54""><path stroke-linejoin=""round"" stroke-linecap=""round"" stroke-width=""1"" stroke=""#333"" fill=""none"" d=""M 34 53 c -0.14 -0.07 -6.27 -2.04 -8 -4 c -4.87 -5.54 -9.63 -13.66 -14 -21 c -4.1 -6.89 -13.06 -18.55 -11 -21 c 2.8 -3.34 22.52 -2.37 32 -4 c 1.06 -0.18 3.08 -2.18 3 -2 c -0.9 1.92 -11.89 23.45 -18 34 c -0.9 1.55 -3.13 2.61 -4 4 c -0.63 1.01 -1.41 3.69 -1 4 c 0.51 0.38 3.42 -0.41 5 -1 c 9.98 -3.71 21.72 -8.12 30 -12 c 0.92 -0.43 1.32 -3.07 2 -3 c 1.68 0.17 5.23 3.25 8 4 c 9.18 2.48 19.1 4.52 29 6 c 10.41 1.56 20.44 2.71 31 3 c 27.13 0.73 78.6 0.04 80 0 c 0.25 -0.01 -9.28 -1.74 -14 -2 c -7.68 -0.41 -15.52 -0.47 -23 0 c -3 0.19 -6.6 0.89 -9 2 c -1.47 0.68 -3.04 2.56 -4 4 c -0.91 1.37 -2.5 4.5 -2 5 c 0.66 0.66 4.79 0.37 7 0 c 3.6 -0.6 7.82 -1.32 11 -3 c 7.65 -4.05 23 -15 23 -15""/></svg>";25/09/2019
26;usuario;Maria Zuluaga;maria@gmail.com;$2a$07$asxx54ahjppf45sd87a5auFL5K1.Cmt9ZheoVVuudOi5BCi10qWly;1;I-TBT8T2DGN0NV;1;25/10/2019;1;c3a724f59d3245b0e166b278f809a9c8;NULL;maria-zuluaga-13;academy-of-life;tutorialesatualcance-buyer@hotmail.com;Mexico;MX; 53 (414) 124-1241;"<?xml version=""1.0"" encoding=""UTF-8"" standalone=""no""?><!DOCTYPE svg PUBLIC ""-//W3C//DTD SVG 1.1//EN"" ""http://www.w3.org/Graphics/SVG/1.1/DTD/svg11.dtd""><svg xmlns=""http://www.w3.org/2000/svg"" version=""1.1"" width=""175"" height=""24""><path stroke-linejoin=""round"" stroke-linecap=""round"" stroke-width=""1"" stroke=""#333"" fill=""none"" d=""M 1 23 c 0.02 -0.07 0.21 -3.39 1 -4 c 1.63 -1.27 5.21 -2.09 8 -3 c 9.92 -3.22 19.15 -6.29 29 -9 c 3.63 -1 7.32 -1.68 11 -2 c 3.94 -0.34 9.18 0.6 12 0 c 0.85 -0.18 2.37 -2.75 2 -3 c -0.83 -0.55 -5.29 -0.95 -8 -1 c -14.12 -0.28 -31.92 -0.69 -42 0 c -0.87 0.06 -2.21 2.38 -2 3 c 0.29 0.86 2.58 2.53 4 3 c 3.16 1.05 7.22 1.51 11 2 c 6.8 0.88 13.17 1.84 20 2 c 36.36 0.86 95.18 0.55 107 1 c 0.4 0.02 -2.38 2.68 -2 3 c 0.87 0.72 5.35 1.76 8 2 l 14 0""/></svg>";25/09/2019
27;usuario;Julia Sanchez;julia@gmail.com;$2a$07$asxx54ahjppf45sd87a5auFL5K1.Cmt9ZheoVVuudOi5BCi10qWly;1;I-C96KL96BVXD4;1;27/10/2019;1;c5b0841a24691bcd1c6a3410ea0ccdbf;NULL;julia-sanchez-14;academy-of-life;tutorialesatualcance-buyer@hotmail.com;Argentina;AR; 55 (235) 235-2352;"<?xml version=""1.0"" encoding=""UTF-8"" standalone=""no""?><!DOCTYPE svg PUBLIC ""-//W3C//DTD SVG 1.1//EN"" ""http://www.w3.org/Graphics/SVG/1.1/DTD/svg11.dtd""><svg xmlns=""http://www.w3.org/2000/svg"" version=""1.1"" width=""199"" height=""78""><path stroke-linejoin=""round"" stroke-linecap=""round"" stroke-width=""1"" stroke=""#333"" fill=""none"" d=""M 16 77 c 0 -0.52 0.62 -20.07 0 -30 c -0.38 -6.04 -1.62 -12.09 -3 -18 c -0.96 -4.1 -2.4 -8.09 -4 -12 c -1.41 -3.46 -4.3 -10.44 -5 -10 c -0.96 0.6 -2.32 10.03 -3 15 c -0.31 2.28 -0.28 4.74 0 7 c 0.37 2.98 0.78 6.56 2 9 c 1.22 2.44 3.91 5.12 6 7 c 1.02 0.91 2.65 1.71 4 2 c 3.04 0.65 7.03 1.67 10 1 c 9.35 -2.1 20.72 -5.48 30 -10 c 15 -7.3 28.71 -17.26 44 -26 c 6.42 -3.67 12.84 -7.58 19 -10 c 2.6 -1.02 8.38 -1.49 9 -1 c 0.44 0.35 -2.32 4.16 -4 5 c -10.26 5.13 -23.55 10.44 -36 15 c -11.71 4.29 -30.74 7.5 -35 11 c -1.61 1.32 3.63 10.4 7 12 c 14.26 6.79 36.56 12.13 56 18 c 13.71 4.14 34.57 9 40 11 c 0.47 0.17 -2.34 2.9 -2 3 c 0.85 0.24 6.39 0.06 9 -1 c 9.01 -3.65 18.86 -8.95 28 -14 l 10 -7""/></svg>";27/09/2019
28;usuario;Alexander Parra;alexander@gmail.com;$2a$07$asxx54ahjppf45sd87a5auFL5K1.Cmt9ZheoVVuudOi5BCi10qWly;1;I-G1F5K34TN5TD;1;25/10/2019;1;aaf98bbf03aff90b36e5f1343067d5e7;NULL;alexander-parra-11;academy-of-life;tutorialesatualcance-buyer@hotmail.com;Brazil;BR; 57 (357) 547-4574;"<?xml version=""1.0"" encoding=""UTF-8"" standalone=""no""?><!DOCTYPE svg PUBLIC ""-//W3C//DTD SVG 1.1//EN"" ""http://www.w3.org/Graphics/SVG/1.1/DTD/svg11.dtd""><svg xmlns=""http://www.w3.org/2000/svg"" version=""1.1"" width=""278"" height=""51""><path stroke-linejoin=""round"" stroke-linecap=""round"" stroke-width=""1"" stroke=""#333"" fill=""none"" d=""M 36 50 c 0.12 -0.21 4.21 -8.4 7 -12 c 5.11 -6.6 10.84 -13.53 17 -19 c 5.56 -4.94 12.6 -9.21 19 -13 c 2.38 -1.41 5.27 -2.28 8 -3 c 3.57 -0.94 8.49 -2.36 11 -2 c 1.12 0.16 3.58 3.57 3 4 c -2.25 1.65 -11.88 5.81 -18 7 c -17.27 3.36 -35.67 4.09 -54 7 c -9.64 1.53 -28.4 5.01 -28 6 c 0.45 1.12 20.93 2.88 32 4 c 12.75 1.29 24.34 2.73 37 3 c 35.45 0.75 91.18 -0.5 104 0 c 0.55 0.02 -1 3.23 -2 4 c -2.8 2.16 -7.95 3.89 -11 6 c -0.88 0.61 -2.28 2.53 -2 3 c 0.42 0.7 3.36 1.97 5 2 c 16.19 0.28 37.13 1.95 53 -1 c 10.85 -2.02 22.78 -9.63 33 -15 c 2.6 -1.37 6.12 -5.87 7 -6 c 0.48 -0.07 -0.37 3.52 0 5 c 0.56 2.25 1.62 5.62 3 7 c 1.14 1.14 3.98 1.64 6 2 c 3.53 0.62 10.83 0.91 11 1 l -9 0""/></svg>";25/09/2019
29;usuario;Alexander Parra;alexander@gmail.com;$2a$07$asxx54ahjppf45sd87a5auFL5K1.Cmt9ZheoVVuudOi5BCi10qWly;1;I-G1F5K34TN5TD;1;25/10/2019;1;aaf98bbf03aff90b36e5f1343067d5e6;NULL;alexander-parra-10;academy-of-life;tutorialesatualcance-buyer@hotmail.com;Brazil;BR; 56 (357) 547-4574;"<?xml version=""1.0"" encoding=""UTF-8"" standalone=""no""?><!DOCTYPE svg PUBLIC ""-//W3C//DTD SVG 1.1//EN"" ""http://www.w3.org/Graphics/SVG/1.1/DTD/svg11.dtd""><svg xmlns=""http://www.w3.org/2000/svg"" version=""1.1"" width=""278"" height=""51""><path stroke-linejoin=""round"" stroke-linecap=""round"" stroke-width=""1"" stroke=""#333"" fill=""none"" d=""M 36 50 c 0.12 -0.21 4.21 -8.4 7 -12 c 5.11 -6.6 10.84 -13.53 17 -19 c 5.56 -4.94 12.6 -9.21 19 -13 c 2.38 -1.41 5.27 -2.28 8 -3 c 3.57 -0.94 8.49 -2.36 11 -2 c 1.12 0.16 3.58 3.57 3 4 c -2.25 1.65 -11.88 5.81 -18 7 c -17.27 3.36 -35.67 4.09 -54 7 c -9.64 1.53 -28.4 5.01 -28 6 c 0.45 1.12 20.93 2.88 32 4 c 12.75 1.29 24.34 2.73 37 3 c 35.45 0.75 91.18 -0.5 104 0 c 0.55 0.02 -1 3.23 -2 4 c -2.8 2.16 -7.95 3.89 -11 6 c -0.88 0.61 -2.28 2.53 -2 3 c 0.42 0.7 3.36 1.97 5 2 c 16.19 0.28 37.13 1.95 53 -1 c 10.85 -2.02 22.78 -9.63 33 -15 c 2.6 -1.37 6.12 -5.87 7 -6 c 0.48 -0.07 -0.37 3.52 0 5 c 0.56 2.25 1.62 5.62 3 7 c 1.14 1.14 3.98 1.64 6 2 c 3.53 0.62 10.83 0.91 11 1 l -9 0""/></svg>";25/09/2019
30;usuario;Alejandra Gomez;alejandra@gmail.com;$2a$07$asxx54ahjppf45sd87a5auFL5K1.Cmt9ZheoVVuudOi5BCi10qWly;1;I-X8AS0DB5V8HR;1;25/10/2019;1;2b7fb2498d971766e7304fd6e90ef331;NULL;alejandra-gomez-11;alexander-parra-10;tutorialesatualcance-buyer@hotmail.com;Colombia;CO; 58 (523) 452-3523;"<?xml version=""1.0"" encoding=""UTF-8"" standalone=""no""?><!DOCTYPE svg PUBLIC ""-//W3C//DTD SVG 1.1//EN"" ""http://www.w3.org/Graphics/SVG/1.1/DTD/svg11.dtd""><svg xmlns=""http://www.w3.org/2000/svg"" version=""1.1"" width=""311"" height=""79""><path stroke-linejoin=""round"" stroke-linecap=""round"" stroke-width=""1"" stroke=""#333"" fill=""none"" d=""M 3 72 c 0.52 -0.24 20.14 -9.07 30 -14 c 2.15 -1.07 4.15 -2.46 6 -4 c 6.19 -5.16 14.3 -11.07 18 -16 c 1.23 -1.64 0.83 -6.07 0 -8 c -0.88 -2.05 -3.88 -4.27 -6 -6 c -1.46 -1.19 -3.31 -2.32 -5 -3 c -1.48 -0.59 -3.33 -0.94 -5 -1 c -6.88 -0.26 -14.24 -0.47 -21 0 c -2.65 0.18 -5.5 1.03 -8 2 c -3.39 1.32 -7.94 3.13 -10 5 c -0.94 0.85 -1 3.47 -1 5 c 0 1.24 0.14 3.47 1 4 c 3.35 2.1 9.93 4.7 15 6 c 6.35 1.63 13.27 2.56 20 3 c 8.65 0.56 17.61 0.28 26 0 c 1.33 -0.04 3.52 -1.48 4 -1 c 0.71 0.71 1 4.08 1 6 c 0 2.23 -0.91 4.64 -1 7 c -0.24 6.34 -1.1 15.15 0 19 c 0.37 1.28 4.12 2.11 6 2 c 8.11 -0.49 19.02 -0.97 27 -4 c 14.51 -5.52 28.73 -16.48 44 -23 c 19.26 -8.23 39.2 -13.04 59 -21 c 18.39 -7.39 35.43 -19.24 53 -24 c 16.38 -4.44 49.25 -5.63 54 -5 l -9 11""/></svg>";25/09/2019
31;usuario;Felipe Perez;felipe@hotmail.com;$2a$07$asxx54ahjppf45sd87a5auFL5K1.Cmt9ZheoVVuudOi5BCi10qWly;1;I-41JE6DJ0XW6N;1;25/10/2019;1;8fe863573a42ae1ec12c4d3c1d591c6d;NULL;felipe-perez-12;academy-of-life;tutorialesatualcance-buyer@hotmail.com;Brazil;BR; 56 (452) 345-2352;"<?xml version=""1.0"" encoding=""UTF-8"" standalone=""no""?><!DOCTYPE svg PUBLIC ""-//W3C//DTD SVG 1.1//EN"" ""http://www.w3.org/Graphics/SVG/1.1/DTD/svg11.dtd""><svg xmlns=""http://www.w3.org/2000/svg"" version=""1.1"" width=""199"" height=""54""><path stroke-linejoin=""round"" stroke-linecap=""round"" stroke-width=""1"" stroke=""#333"" fill=""none"" d=""M 34 53 c -0.14 -0.07 -6.27 -2.04 -8 -4 c -4.87 -5.54 -9.63 -13.66 -14 -21 c -4.1 -6.89 -13.06 -18.55 -11 -21 c 2.8 -3.34 22.52 -2.37 32 -4 c 1.06 -0.18 3.08 -2.18 3 -2 c -0.9 1.92 -11.89 23.45 -18 34 c -0.9 1.55 -3.13 2.61 -4 4 c -0.63 1.01 -1.41 3.69 -1 4 c 0.51 0.38 3.42 -0.41 5 -1 c 9.98 -3.71 21.72 -8.12 30 -12 c 0.92 -0.43 1.32 -3.07 2 -3 c 1.68 0.17 5.23 3.25 8 4 c 9.18 2.48 19.1 4.52 29 6 c 10.41 1.56 20.44 2.71 31 3 c 27.13 0.73 78.6 0.04 80 0 c 0.25 -0.01 -9.28 -1.74 -14 -2 c -7.68 -0.41 -15.52 -0.47 -23 0 c -3 0.19 -6.6 0.89 -9 2 c -1.47 0.68 -3.04 2.56 -4 4 c -0.91 1.37 -2.5 4.5 -2 5 c 0.66 0.66 4.79 0.37 7 0 c 3.6 -0.6 7.82 -1.32 11 -3 c 7.65 -4.05 23 -15 23 -15""/></svg>";25/09/2019
32;usuario;Maria Zuluaga;maria@gmail.com;$2a$07$asxx54ahjppf45sd87a5auFL5K1.Cmt9ZheoVVuudOi5BCi10qWly;1;I-TBT8T2DGN0NV;1;25/10/2019;1;c3a724f59d3245b0e166b278f809a9c8;NULL;maria-zuluaga-13;academy-of-life;tutorialesatualcance-buyer@hotmail.com;Mexico;MX; 53 (414) 124-1241;"<?xml version=""1.0"" encoding=""UTF-8"" standalone=""no""?><!DOCTYPE svg PUBLIC ""-//W3C//DTD SVG 1.1//EN"" ""http://www.w3.org/Graphics/SVG/1.1/DTD/svg11.dtd""><svg xmlns=""http://www.w3.org/2000/svg"" version=""1.1"" width=""175"" height=""24""><path stroke-linejoin=""round"" stroke-linecap=""round"" stroke-width=""1"" stroke=""#333"" fill=""none"" d=""M 1 23 c 0.02 -0.07 0.21 -3.39 1 -4 c 1.63 -1.27 5.21 -2.09 8 -3 c 9.92 -3.22 19.15 -6.29 29 -9 c 3.63 -1 7.32 -1.68 11 -2 c 3.94 -0.34 9.18 0.6 12 0 c 0.85 -0.18 2.37 -2.75 2 -3 c -0.83 -0.55 -5.29 -0.95 -8 -1 c -14.12 -0.28 -31.92 -0.69 -42 0 c -0.87 0.06 -2.21 2.38 -2 3 c 0.29 0.86 2.58 2.53 4 3 c 3.16 1.05 7.22 1.51 11 2 c 6.8 0.88 13.17 1.84 20 2 c 36.36 0.86 95.18 0.55 107 1 c 0.4 0.02 -2.38 2.68 -2 3 c 0.87 0.72 5.35 1.76 8 2 l 14 0""/></svg>";25/09/2019
33;usuario;Julia Sanchez;julia@gmail.com;$2a$07$asxx54ahjppf45sd87a5auFL5K1.Cmt9ZheoVVuudOi5BCi10qWly;1;I-C96KL96BVXD4;1;27/10/2019;1;c5b0841a24691bcd1c6a3410ea0ccdbf;NULL;julia-sanchez-14;academy-of-life;tutorialesatualcance-buyer@hotmail.com;Argentina;AR; 55 (235) 235-2352;"<?xml version=""1.0"" encoding=""UTF-8"" standalone=""no""?><!DOCTYPE svg PUBLIC ""-//W3C//DTD SVG 1.1//EN"" ""http://www.w3.org/Graphics/SVG/1.1/DTD/svg11.dtd""><svg xmlns=""http://www.w3.org/2000/svg"" version=""1.1"" width=""199"" height=""78""><path stroke-linejoin=""round"" stroke-linecap=""round"" stroke-width=""1"" stroke=""#333"" fill=""none"" d=""M 16 77 c 0 -0.52 0.62 -20.07 0 -30 c -0.38 -6.04 -1.62 -12.09 -3 -18 c -0.96 -4.1 -2.4 -8.09 -4 -12 c -1.41 -3.46 -4.3 -10.44 -5 -10 c -0.96 0.6 -2.32 10.03 -3 15 c -0.31 2.28 -0.28 4.74 0 7 c 0.37 2.98 0.78 6.56 2 9 c 1.22 2.44 3.91 5.12 6 7 c 1.02 0.91 2.65 1.71 4 2 c 3.04 0.65 7.03 1.67 10 1 c 9.35 -2.1 20.72 -5.48 30 -10 c 15 -7.3 28.71 -17.26 44 -26 c 6.42 -3.67 12.84 -7.58 19 -10 c 2.6 -1.02 8.38 -1.49 9 -1 c 0.44 0.35 -2.32 4.16 -4 5 c -10.26 5.13 -23.55 10.44 -36 15 c -11.71 4.29 -30.74 7.5 -35 11 c -1.61 1.32 3.63 10.4 7 12 c 14.26 6.79 36.56 12.13 56 18 c 13.71 4.14 34.57 9 40 11 c 0.47 0.17 -2.34 2.9 -2 3 c 0.85 0.24 6.39 0.06 9 -1 c 9.01 -3.65 18.86 -8.95 28 -14 l 10 -7""/></svg>";27/09/2019
34;usuario;Alexander Parra;alexander@gmail.com;$2a$07$asxx54ahjppf45sd87a5auFL5K1.Cmt9ZheoVVuudOi5BCi10qWly;1;I-G1F5K34TN5TD;1;25/10/2019;1;aaf98bbf03aff90b36e5f1343067d5e7;NULL;alexander-parra-11;academy-of-life;tutorialesatualcance-buyer@hotmail.com;Brazil;BR; 57 (357) 547-4574;"<?xml version=""1.0"" encoding=""UTF-8"" standalone=""no""?><!DOCTYPE svg PUBLIC ""-//W3C//DTD SVG 1.1//EN"" ""http://www.w3.org/Graphics/SVG/1.1/DTD/svg11.dtd""><svg xmlns=""http://www.w3.org/2000/svg"" version=""1.1"" width=""278"" height=""51""><path stroke-linejoin=""round"" stroke-linecap=""round"" stroke-width=""1"" stroke=""#333"" fill=""none"" d=""M 36 50 c 0.12 -0.21 4.21 -8.4 7 -12 c 5.11 -6.6 10.84 -13.53 17 -19 c 5.56 -4.94 12.6 -9.21 19 -13 c 2.38 -1.41 5.27 -2.28 8 -3 c 3.57 -0.94 8.49 -2.36 11 -2 c 1.12 0.16 3.58 3.57 3 4 c -2.25 1.65 -11.88 5.81 -18 7 c -17.27 3.36 -35.67 4.09 -54 7 c -9.64 1.53 -28.4 5.01 -28 6 c 0.45 1.12 20.93 2.88 32 4 c 12.75 1.29 24.34 2.73 37 3 c 35.45 0.75 91.18 -0.5 104 0 c 0.55 0.02 -1 3.23 -2 4 c -2.8 2.16 -7.95 3.89 -11 6 c -0.88 0.61 -2.28 2.53 -2 3 c 0.42 0.7 3.36 1.97 5 2 c 16.19 0.28 37.13 1.95 53 -1 c 10.85 -2.02 22.78 -9.63 33 -15 c 2.6 -1.37 6.12 -5.87 7 -6 c 0.48 -0.07 -0.37 3.52 0 5 c 0.56 2.25 1.62 5.62 3 7 c 1.14 1.14 3.98 1.64 6 2 c 3.53 0.62 10.83 0.91 11 1 l -9 0""/></svg>";25/09/2019
